Token,PNL,Volume traded,Total orders,Winning trades,Annualised Sharpe ratio,Drawdown
1270,0,0,0,0,nan,nan
383,3.5499999999992724,22,22,8,14.533723955864716,-0.08333333333332939
