Token,PNL,Volume traded,Total orders,Winning trades,Annualised Sharpe ratio,Drawdown
1270,0,0,0,0,nan,nan
383,2.7500000000002274,14,14,6,14.543554701373186,-0.19047619047618275
