Token,PNL,Volume traded,Total orders,Winning trades,Annualised Sharpe ratio,Drawdown
1270,1.4499999999999886,2,2,1,nan,0.0
383,2.1499999999998636,10,10,5,23.46840338512201,0.0
