Token,PNL,Volume traded,Total orders,Winning trades,Annualised Sharpe ratio,Drawdown
1270,2.0999999999994543,32,32,10,3.786523850354785,-1.9375000000000577
