Token,PNL,Volume traded,Total orders,Winning trades,Annualised Sharpe ratio,Drawdown
1270,2.5499999999999545,6,6,3,95.41226336274826,0.0
383,0.75,22,22,6,2.586402166718021,-0.8695652173913033
