Token,PNL,Volume traded,Total orders,Winning trades,Annualised Sharpe ratio,Drawdown
1270,2.5999999999994543,24,24,7,6.114793012920909,-1.0312500000000433
383,5.549999999999272,52,52,21,7.819385501818107,-1.0
